Date,Open,High,Low,Close,Volume,Change
2022-01-03,8400,8590,8200,8300,19506,0.024691358024691468
2022-01-04,8490,8490,8490,8490,60,0.02289156626506017
2022-01-05,8490,8490,8490,8490,262,0.0
2022-01-06,8440,8440,8440,8440,652,-0.005889281507656108
2022-01-07,8440,8440,8440,8440,110,0.0
2022-01-10,8440,8440,8400,8400,130,-0.004739336492891044
2022-01-11,8400,8400,8400,8400,1300,0.0
2022-01-12,8400,8410,8390,8400,1050,0.0
2022-01-13,8400,8450,8400,8450,1002,0.005952380952380931
2022-01-14,8600,8600,8400,8500,2112,0.00591715976331364
2022-01-17,8430,8450,8430,8450,1009,-0.00588235294117645
2022-01-18,8450,8450,8450,8450,0,0.0
2022-01-19,8400,8440,8400,8440,886,-0.0011834319526626835
2022-01-20,8400,8400,8400,8400,112,-0.004739336492891044
2022-01-21,8400,8400,8400,8400,0,0.0
2022-01-24,8200,8400,8020,8400,25,0.0
2022-01-25,8400,8400,8400,8400,10,0.0
2022-01-26,8200,8600,7810,8600,1798,0.023809523809523725
2022-01-27,8400,8400,8400,8400,5,-0.023255813953488413
2022-01-28,8600,8600,8000,8400,55,0.0
2022-02-03,8590,8600,8500,8600,6,0.023809523809523725
2022-02-04,8600,9890,8600,9000,1025,0.04651162790697683
2022-02-07,9000,9000,8800,8800,22,-0.022222222222222254
2022-02-08,8900,8900,8400,8900,571,0.011363636363636465
2022-02-09,8900,8900,8890,8890,17,-0.0011235955056180247
2022-02-10,9000,9000,9000,9000,5,0.012373453318335281
2022-02-11,9000,9000,8600,8600,2432,-0.0444444444444444
2022-02-14,8400,8400,8400,8400,5000,-0.023255813953488413
2022-02-15,8400,8400,8400,8400,9000,0.0
2022-02-16,8580,8580,8530,8550,4502,0.017857142857142794
2022-02-17,8790,8790,8500,8790,7006,0.02807017543859658
2022-02-18,8600,8990,8500,8600,6019,-0.021615472127417545
2022-02-21,8790,8790,8400,8500,7406,-0.011627906976744207
2022-02-22,8500,8500,8490,8490,10012,-0.0011764705882353343
2022-02-23,8590,8590,8210,8570,241,0.009422850412249772
2022-02-24,8790,9800,8600,8600,2525,0.003500583430571691
2022-02-25,9000,9000,8600,9000,37,0.04651162790697683
2022-02-28,10000,10000,8650,8650,1027,-0.03888888888888886
2022-03-02,8650,8650,8650,8650,13,0.0
2022-03-03,8800,8800,8800,8800,1,0.01734104046242768
2022-03-04,8800,8800,8500,8790,7601,-0.001136363636363602
2022-03-07,8800,8800,8800,8800,1098,0.0011376564277587597
2022-03-08,8800,8800,8210,8750,126,-0.005681818181818232
2022-03-10,8400,8700,8400,8700,3,-0.005714285714285672
2022-03-11,8210,8600,8210,8600,300,-0.011494252873563204
2022-03-14,8600,8600,8600,8600,1,0.0
2022-03-15,8610,8610,8400,8400,3776,-0.023255813953488413
2022-03-16,8400,8400,8400,8400,0,0.0
2022-03-17,8400,8400,8400,8400,0,0.0
2022-03-18,8400,8600,8400,8600,1952,0.023809523809523725
2022-03-21,8600,8600,8600,8600,100,0.0
2022-03-22,8600,8600,8600,8600,1,0.0
2022-03-23,8800,8800,8800,8800,517,0.023255813953488413
2022-03-24,8800,8800,8700,8700,201,-0.011363636363636354
2022-03-25,8700,8700,8190,8600,11025,-0.011494252873563204
2022-03-28,8400,8400,8400,8400,8,-0.023255813953488413
2022-03-29,8480,8480,8050,8400,1057,0.0
2022-03-30,8400,8400,8400,8400,0,0.0
2022-03-31,8400,8400,8400,8400,0,0.0
2022-04-01,8400,8400,8400,8400,250,0.0
2022-04-04,8400,8400,8400,8400,0,0.0
2022-04-05,8400,8400,8400,8400,1,0.0
2022-04-06,8400,8400,8400,8400,0,0.0
2022-04-07,8400,8400,8400,8400,0,0.0
2022-04-08,8400,8500,8250,8250,992,-0.017857142857142905
2022-04-11,8200,8490,7830,8490,93,0.029090909090909056
2022-04-12,8490,8490,8490,8490,5,0.0
2022-04-13,8490,8490,8490,8490,0,0.0
2022-04-14,8500,8500,8500,8500,1,0.0011778563015312216
2022-04-15,8500,8500,8500,8500,0,0.0
2022-04-18,8400,8400,8400,8400,0,-0.0117647058823529
2022-04-19,8400,8400,8400,8400,0,0.0
2022-04-20,8300,8300,8300,8300,30,-0.011904761904761862
2022-04-21,8300,8300,8300,8300,0,0.0
2022-04-22,8400,8400,8400,8400,44,0.012048192771084265
2022-04-25,8400,8400,8400,8400,1,0.0
2022-04-26,8400,8400,8400,8400,1,0.0
2022-04-27,8400,8400,8400,8400,1,0.0
2022-04-28,8600,8600,8200,8500,8,0.011904761904761862
2022-04-29,8400,8400,8400,8400,0,-0.0117647058823529
2022-05-02,8200,8200,8200,8200,5,-0.023809523809523836
2022-05-03,8200,8400,8200,8400,80,0.024390243902439046
2022-05-04,8400,8400,7800,7800,805,-0.0714285714285714
2022-05-06,8000,8000,8000,8000,5,0.02564102564102555
2022-05-09,8000,8000,7300,8000,553,0.0
2022-05-10,7970,7970,7400,7890,12,-0.01375000000000004
2022-05-11,7310,7890,7300,7600,2572,-0.03675538656527255
2022-05-12,7400,7600,7400,7600,860,0.0
2022-05-13,7400,7590,7300,7590,56,-0.001315789473684159
2022-05-16,7600,7600,7600,7600,1,0.0013175230566535578
2022-05-17,7600,7600,7600,7600,51,0.0
2022-05-18,7600,7600,7600,7600,1,0.0
2022-05-19,7600,7600,7600,7600,51,0.0
2022-05-20,7600,7600,7200,7390,10463,-0.02763157894736845
2022-05-23,7290,7300,7200,7300,57,-0.012178619756427644
2022-05-24,7300,7300,7300,7300,1,0.0
2022-05-25,7300,7300,7300,7300,0,0.0
2022-05-26,7300,7300,7300,7300,71,0.0
2022-05-27,7230,7300,7100,7300,183,0.0
2022-05-30,7000,7250,7000,7250,7,-0.006849315068493178
2022-05-31,7200,7250,7200,7250,10,0.0
2022-06-02,7000,7200,7000,7200,206,-0.006896551724137945
2022-06-03,7200,7300,7200,7300,699,0.01388888888888884
2022-06-07,7020,7290,7000,7000,738,-0.04109589041095896
2022-06-08,7090,7090,7090,7090,1,0.0128571428571429
2022-06-09,7100,7100,7000,7000,484,-0.012693935119887145
2022-06-10,7000,7000,6200,6400,1277,-0.08571428571428574
2022-06-13,6200,6200,5520,5990,2083,-0.06406250000000002
2022-06-14,6200,6400,5990,6400,1183,0.06844741235392315
2022-06-15,6800,6800,6780,6800,101,0.0625
2022-06-16,6790,6800,6790,6800,302,0.0
2022-06-17,6400,6960,6200,6960,1362,0.0235294117647058
2022-06-20,6980,7190,6980,7190,1275,0.03304597701149414
2022-06-21,7200,7200,7200,7200,70,0.0013908205841446364
2022-06-22,7200,7200,7000,7200,185,0.0
2022-06-23,7200,7200,7200,7200,1,0.0
2022-06-24,7200,7200,7200,7200,501,0.0
2022-06-27,7200,7200,7200,7200,1,0.0
2022-06-28,7200,7200,7200,7200,1,0.0
2022-06-29,7200,7290,7200,7290,301,0.012499999999999956
2022-06-30,7290,7290,7290,7290,0,0.0
2022-07-01,7200,7200,7200,7200,0,-0.012345679012345734
2022-07-04,7400,7400,7400,7400,1,0.02777777777777768
2022-07-05,7400,7400,7400,7400,200,0.0
2022-07-06,7390,7390,7390,7390,0,-0.0013513513513513375
2022-07-07,7390,7390,7390,7390,0,0.0
2022-07-08,7300,7300,7300,7300,100,-0.012178619756427644
2022-07-11,7200,7200,7200,7200,0,-0.013698630136986356
2022-07-12,7200,7200,7200,7200,0,0.0
2022-07-13,7000,7000,7000,7000,0,-0.02777777777777779
2022-07-14,7000,7000,7000,7000,800,0.0
2022-07-15,7100,7100,7090,7090,201,0.0128571428571429
2022-07-18,7400,7400,7400,7400,200,0.0437235543018335
2022-07-19,7700,7700,7700,7700,200,0.04054054054054057
2022-07-20,7710,7710,7710,7710,200,0.0012987012987013546
2022-07-21,7710,7710,7710,7710,0,0.0
2022-07-22,7710,7710,7710,7710,0,0.0
2022-07-25,7800,7800,7800,7800,1,0.011673151750972721
2022-07-26,7800,7800,7800,7800,0,0.0
2022-07-27,7940,7940,7940,7940,100,0.017948717948717885
2022-07-28,7940,7940,7940,7940,0,0.0
2022-07-29,8190,8190,8190,8190,120,0.03148614609571787
2022-08-01,8180,8180,8180,8180,0,-0.0012210012210012167
2022-08-02,8180,8180,8180,8180,0,0.0
2022-08-03,8170,8170,8170,8170,0,-0.0012224938875305957
2022-08-04,8150,8150,8150,8150,0,-0.002447980416156681
2022-08-05,8390,8390,7010,8360,62,0.025766871165644245
2022-08-08,8260,8260,8260,8260,0,-0.011961722488038284
2022-08-09,8300,8490,8290,8490,200,0.02784503631961255
2022-08-10,8490,8490,8490,8490,0,0.0
2022-08-11,8490,8490,8490,8490,0,0.0
2022-08-12,8540,8540,8540,8540,100,0.005889281507656108
2022-08-16,8540,8540,8540,8540,0,0.0
2022-08-17,8540,8540,8540,8540,0,0.0
2022-08-18,8540,8540,8540,8540,0,0.0
2022-08-19,8800,8800,8800,8800,150,0.030444964871194413
2022-08-22,8400,8400,7480,7490,1209,-0.1488636363636363
2022-08-23,7500,7500,6900,7120,324,-0.04939919893190925
2022-08-24,7000,7000,7000,7000,1,-0.016853932584269704
2022-08-25,6200,7000,6200,7000,4220,0.0
2022-08-26,7390,7390,6600,7390,317,0.055714285714285605
2022-08-29,7200,7600,7000,7000,11,-0.05277401894451961
2022-08-30,7190,7190,7190,7190,1,0.027142857142857135
2022-08-31,7600,7600,7600,7600,1,0.057023643949930536
2022-09-01,7790,7790,7790,7790,1,0.02499999999999991
2022-09-02,8000,8000,7000,7790,131,0.0
2022-09-05,8000,8000,7000,7980,62,0.024390243902439046
2022-09-06,8170,8170,7210,7210,81,-0.0964912280701754
2022-09-07,7400,7400,6200,7390,514,0.02496532593619971
2022-09-08,7000,7200,6600,7200,502,-0.025710419485791558
2022-09-13,7200,7200,7200,7200,201,0.0
2022-09-14,7600,7600,7000,7000,2,-0.02777777777777779
2022-09-15,7400,7400,7400,7400,1,0.05714285714285716
2022-09-16,7600,7600,7600,7600,1,0.027027027027026973
2022-09-19,7800,7800,7000,7790,313,0.02499999999999991
2022-09-20,7400,7990,7400,7990,6,0.025673940949935803
2022-09-21,8190,8190,8190,8190,1,0.0250312891113893
2022-09-22,8290,8290,8290,8290,1,0.012210012210012167
2022-09-23,8380,8380,8380,8380,1,0.010856453558504287
2022-09-26,8490,8490,8490,8490,1,0.013126491646778149
2022-09-27,8580,8580,8490,8540,3,0.005889281507656108
2022-09-28,8580,8580,8580,8580,1,0.004683840749414525
2022-09-29,7500,8580,7300,8550,241,-0.0034965034965035446
2022-09-30,8550,8550,8550,8550,0,0.0
2022-10-04,7270,8550,7270,8540,152,-0.0011695906432748204
2022-10-05,8490,8490,8490,8490,245,-0.005854800936768156
2022-10-06,8590,8590,7250,8580,132,0.010600706713780994
2022-10-07,7970,7970,7970,7970,0,-0.07109557109557108
2022-10-11,7790,7790,7790,7790,0,-0.02258469259723961
2022-10-12,7990,7990,7790,7990,302,0.025673940949935803
2022-10-13,6800,8070,6800,8070,2,0.01001251564455563
2022-10-14,7750,7750,7750,7750,0,-0.039653035935563796
2022-10-17,7990,7990,7990,7990,1,0.030967741935483906
2022-10-18,7300,7300,7300,7300,0,-0.08635794743429281
2022-10-19,7400,7400,7310,7390,202,0.012328767123287676
2022-10-20,7300,7300,7300,7300,0,-0.012178619756427644
2022-10-21,7500,7500,7500,7500,1,0.027397260273972712
2022-10-24,7570,7570,7570,7570,1,0.009333333333333416
2022-10-25,7400,7400,7400,7400,0,-0.022457067371202122
2022-10-26,7590,7590,6290,7520,33,0.016216216216216273
2022-10-27,6990,6990,6990,6990,0,-0.07047872340425532
2022-10-28,7290,7290,6110,7290,4,0.0429184549356223
2022-10-31,7190,7190,7190,7190,0,-0.013717421124828544
2022-11-01,7590,7590,7590,7590,1,0.0556328233657859
2022-11-02,7290,7290,7290,7290,0,-0.03952569169960474
2022-11-03,7190,7190,7190,7190,0,-0.013717421124828544
2022-11-04,7300,7300,7300,7300,5005,0.015299026425591
2022-11-07,7240,7240,7240,7240,0,-0.008219178082191747
2022-11-08,7600,7600,7600,7600,1,0.04972375690607733
2022-11-09,7290,7290,7290,7290,0,-0.04078947368421049
2022-11-10,7590,7590,7590,7590,1,0.04115226337448563
2022-11-11,7290,7290,7290,7290,0,-0.03952569169960474
2022-11-14,7520,7520,7520,7520,1,0.03155006858710552
2022-11-15,7580,7580,7580,7580,1,0.007978723404255428
2022-11-16,7770,7770,7770,7770,1,0.02506596306068598
2022-11-17,7490,7490,7490,7490,0,-0.036036036036036
2022-11-18,7480,7480,7480,7480,0,-0.001335113484646211
2022-11-21,7210,7580,7210,7580,301,0.013368983957219305
2022-11-22,7000,7750,7000,7750,367,0.02242744063324542
2022-11-23,7000,7770,7000,7010,8054,-0.09548387096774191
2022-11-24,7300,7300,7300,7300,1,0.041369472182596345
2022-11-25,7190,7190,7190,7190,30,-0.015068493150684925
2022-11-28,7400,7400,7400,7400,1,0.029207232267037586
2022-11-29,7000,7000,7000,7000,0,-0.05405405405405406
2022-11-30,7190,7190,7190,7190,153,0.027142857142857135
2022-12-01,7400,7400,7400,7400,1,0.029207232267037586
2022-12-02,7600,7600,7600,7600,1,0.027027027027026973
2022-12-05,7600,7600,7600,7600,0,0.0
2022-12-06,7600,7600,7600,7600,0,0.0
2022-12-07,7590,7590,7590,7590,0,-0.001315789473684159
2022-12-08,7500,7500,7500,7500,0,-0.011857707509881465
2022-12-09,7500,7500,7500,7500,1,0.0
2022-12-12,7500,7500,7500,7500,0,0.0
2022-12-13,7500,7500,7500,7500,0,0.0
2022-12-14,7500,7500,7500,7500,0,0.0
2022-12-15,7500,7500,7500,7500,0,0.0
2022-12-16,7500,7500,7500,7500,0,0.0
2022-12-19,7500,7500,7500,7500,300,0.0
2022-12-20,7500,7500,7500,7500,201,0.0
2022-12-21,7500,7500,7500,7500,1,0.0
2022-12-22,7500,7500,7500,7500,15001,0.0
2022-12-23,7590,7590,7590,7590,1,0.01200000000000001
2022-12-26,7500,7500,7500,7500,0,-0.011857707509881465
2022-12-27,6500,7500,6500,7490,5102,-0.0013333333333332975
2022-12-28,6410,7470,6410,7470,63,-0.002670226969292422
2022-12-29,6350,6960,6350,6960,36,-0.06827309236947787
2023-01-02,7590,7590,7590,7590,1,0.09051724137931028
2023-01-03,7990,7990,7990,7990,1,0.05270092226613965
2023-01-04,7920,7920,7920,7920,0,-0.008760951188986232
2023-01-05,7100,7100,6750,7000,961,-0.11616161616161613
2023-01-06,7600,7600,6030,6980,253,-0.0028571428571428914
2023-01-09,7500,7500,7500,7500,1,0.07449856733524363
2023-01-10,7000,7000,7000,7000,0,-0.06666666666666665
2023-01-11,7380,7380,6000,6950,111,-0.0071428571428571175
2023-01-12,7490,7490,6100,6670,46,-0.0402877697841727
2023-01-13,7200,7200,5820,5820,8,-0.1274362818590704
2023-01-16,6600,6600,5050,5360,4,-0.07903780068728528
2023-01-17,6150,6150,6150,6150,1,0.1473880597014925
2023-01-18,6600,6600,6600,6600,1,0.07317073170731714
2023-01-19,6800,6800,5610,6560,24,-0.0060606060606061
2023-01-20,6000,6000,6000,6000,1,-0.08536585365853655
2023-01-25,6000,6000,6000,6000,0,0.0
2023-01-26,6000,6000,6000,6000,3,0.0
2023-01-27,6800,6800,5500,6790,103,0.1316666666666666
2023-01-30,6000,6780,6000,6780,201,-0.0014727540500736325
2023-01-31,6000,6000,6000,6000,300,-0.11504424778761058
2023-02-01,6800,6800,6800,6800,1,0.1333333333333333
2023-02-02,5800,6200,5780,6000,460,-0.11764705882352944
2023-02-03,5990,5990,5990,5990,0,-0.0016666666666667052
2023-02-06,6860,6860,6860,6860,1,0.14524207011686152
2023-02-07,6000,6150,5840,5840,34,-0.14868804664723034
2023-02-08,6000,6000,6000,6000,1,0.027397260273972712
2023-02-09,5990,5990,5990,5990,1,-0.0016666666666667052
2023-02-10,6000,6000,6000,6000,1,0.0016694490818029983
2023-02-13,6000,6000,6000,6000,0,0.0
2023-02-14,6000,6000,6000,6000,0,0.0
2023-02-15,5200,6750,5200,6670,6,0.11166666666666658
2023-02-16,5670,6600,5670,5680,4,-0.14842578710644683
2023-02-17,6000,6000,6000,6000,1,0.05633802816901401
2023-02-20,6000,6000,6000,6000,1,0.0
2023-02-21,6000,6000,6000,6000,160,0.0
2023-02-22,6000,6000,6000,6000,0,0.0
2023-02-23,5980,5980,5980,5980,1,-0.0033333333333332993
2023-02-24,5980,5980,5980,5980,0,0.0
2023-02-27,5980,5980,5980,5980,0,0.0
2023-02-28,5980,5980,5980,5980,0,0.0
2023-03-02,6860,6860,6860,6860,1,0.1471571906354514
2023-03-03,6000,6000,6000,6000,0,-0.12536443148688048
2023-03-06,6000,6000,6000,6000,0,0.0
2023-03-07,5500,6000,5500,6000,321,0.0
2023-03-08,6000,6000,6000,6000,1,0.0
2023-03-09,6000,6000,6000,6000,1,0.0
2023-03-10,6000,6000,6000,6000,1,0.0
2023-03-13,6000,6880,6000,6880,101,0.14666666666666672
2023-03-14,5990,5990,5990,5990,12,-0.12936046511627908
2023-03-15,6000,6000,6000,6000,1,0.0016694490818029983
2023-03-16,5990,5990,5970,5970,2,-0.0050000000000000044
2023-03-17,5990,5990,5990,5990,1,0.003350083752093891
2023-03-20,5990,5990,5990,5990,2,0.0
2023-03-21,5990,5990,5990,5990,11,0.0
2023-03-22,6780,6780,5100,5990,4,0.0
2023-03-23,6800,6800,5100,6000,3,0.0016694490818029983
2023-03-24,6000,6000,6000,6000,0,0.0
2023-03-27,6000,6000,6000,6000,0,0.0
2023-03-28,5990,5990,5990,5990,91,-0.0016666666666667052
2023-03-29,5990,5990,5990,5990,0,0.0
2023-03-30,5600,5990,5600,5990,2,0.0
2023-03-31,5990,5990,5990,5990,20,0.0
2023-04-03,5990,5990,5990,5990,0,0.0
2023-04-04,5990,5990,5990,5990,0,0.0
2023-04-05,5990,5990,5800,5990,61,0.0
2023-04-06,5990,5990,5990,5990,0,0.0
2023-04-07,5600,5600,5600,5600,11,-0.06510851419031716
2023-04-10,6000,6000,5500,5500,2,-0.017857142857142905
2023-04-11,5800,5800,5800,5800,1,0.05454545454545445
2023-04-12,5900,5900,5900,5900,1,0.01724137931034475
2023-04-13,5900,5900,5900,5900,0,0.0
2023-04-14,5900,5900,5900,5900,0,0.0
2023-04-17,5890,5890,5890,5890,1,-0.0016949152542372614
2023-04-18,5890,5890,5890,5890,0,0.0
2023-04-19,5700,5700,5700,5700,0,-0.032258064516129004
2023-04-20,5500,5700,5500,5700,101,0.0
2023-04-21,6000,6000,5000,5850,111,0.026315789473684292
2023-04-24,5500,6000,5500,5850,12,0.0
2023-04-25,6000,6000,4980,5890,102,0.006837606837606813
2023-04-26,5890,5890,5890,5890,0,0.0
2023-04-27,6000,6000,6000,6000,1,0.018675721561969505
2023-04-28,5990,5990,5990,5990,0,-0.0016666666666667052
2023-05-02,6390,6390,6390,6390,1,0.06677796327212016
2023-05-03,5890,5890,5890,5890,0,-0.07824726134585291
2023-05-04,5890,5890,5890,5890,340,0.0
2023-05-08,5880,5880,5880,5880,0,-0.001697792869269965
2023-05-09,5870,5870,5870,5870,0,-0.00170068027210879
2023-05-10,6190,6190,6190,6190,1,0.054514480408858645
2023-05-11,5880,5880,5880,5880,0,-0.050080775444264924
2023-05-12,5990,5990,5990,5990,1,0.018707482993197244
2023-05-15,5880,5880,5880,5880,0,-0.018363939899833093
2023-05-16,5990,5990,5990,5990,1,0.018707482993197244
2023-05-17,5800,5800,5800,5800,0,-0.03171953255425708
2023-05-18,5800,5800,5800,5800,0,0.0
2023-05-19,5790,5790,5790,5790,0,-0.0017241379310344307
2023-05-22,5980,5980,5000,5900,85,0.01899827288428324
2023-05-23,5870,5870,5870,5870,0,-0.005084745762711895
2023-05-24,5700,5700,5700,5700,0,-0.028960817717206155
2023-05-25,6170,6170,4880,4880,2,-0.14385964912280702
2023-05-26,5600,5600,4150,5600,3,0.14754098360655732
2023-05-30,5990,5990,5990,5990,1,0.06964285714285712
2023-05-31,5100,5750,5100,5750,12,-0.04006677796327207
2023-06-01,5800,5800,5000,5790,5,0.006956521739130528
2023-06-02,5940,5940,5940,5940,12,0.02590673575129543
2023-06-05,5860,5870,5050,5840,114,-0.01683501683501687
2023-06-07,5000,5990,5000,5080,78,-0.13013698630136983
2023-06-08,5080,5090,5080,5090,11,0.0019685039370078705
2023-06-09,5080,5850,5080,5850,31,0.14931237721021606
2023-06-12,6580,6580,4980,5740,8,-0.018803418803418848
2023-06-13,5750,5750,4880,5740,5,0.0
2023-06-14,5900,5900,4880,5700,6,-0.006968641114982632
2023-06-15,5680,5680,4850,5500,7,-0.03508771929824561
2023-06-16,6000,6000,4680,5480,7,-0.0036363636363636598
2023-06-19,5500,5500,4660,5490,617,0.0018248175182482562
2023-06-20,5490,5490,5490,5490,0,0.0
2023-06-21,4670,5490,4670,5490,2,0.0
2023-06-22,4670,5480,4670,5480,2,-0.0018214936247723523
2023-06-23,6000,6000,4660,5790,20,0.0565693430656935
2023-06-26,4930,5800,4930,5770,4,-0.003454231433506094
2023-06-27,4920,4920,4920,4920,1,-0.14731369150779894
2023-06-28,5290,5500,4190,5500,18304,0.11788617886178865
2023-06-29,5390,5390,5390,5390,0,-0.020000000000000018
2023-06-30,4995,5000,4995,5000,16,-0.07235621521335811
2023-07-03,5600,5600,5600,5600,1,0.1200000000000001
2023-07-04,6440,6440,6380,6380,24,0.13928571428571423
2023-07-05,5990,5990,5990,5990,0,-0.061128526645768066
2023-07-06,6870,6870,5900,5980,11,-0.0016694490818029983
2023-07-07,6490,6490,5090,5980,3,0.0
2023-07-10,5500,5500,5500,5500,1,-0.08026755852842804
2023-07-11,5300,5300,5300,5300,0,-0.036363636363636376
2023-07-12,5100,5100,5100,5100,1,-0.037735849056603765
2023-07-13,5000,5000,5000,5000,1,-0.019607843137254943
2023-07-14,5000,5000,5000,5000,100,0.0
2023-07-17,5000,5000,5000,5000,0,0.0
2023-07-18,5740,5740,4950,4950,3,-0.010000000000000009
2023-07-19,5680,5680,5680,5680,1,0.14747474747474754
2023-07-20,5600,5600,5600,5600,1,-0.014084507042253502
2023-07-21,6410,6410,4760,5790,3,0.03392857142857153
2023-07-24,5780,5790,5780,5790,2,0.0
2023-07-25,5000,5000,5000,5000,4,-0.13644214162348878
2023-07-26,5000,5000,5000,5000,1,0.0
2023-07-27,5000,5000,5000,5000,1,0.0
2023-07-28,5750,5750,5730,5730,12,0.1459999999999999
2023-07-31,5500,5500,4880,5500,12,-0.04013961605584637
2023-08-01,6290,6290,4680,5320,3,-0.032727272727272716
2023-08-02,5800,5800,5800,5800,1,0.09022556390977443
2023-08-03,5790,5790,5790,5790,1,-0.0017241379310344307
2023-08-04,6500,6500,5300,5300,2,-0.08462867012089814
2023-08-07,5100,5100,5100,5100,1,-0.037735849056603765
2023-08-08,5860,5860,4340,5780,33,0.1333333333333333
2023-08-09,5100,5490,5100,5490,11,-0.05017301038062283
2023-08-10,5100,5100,5100,5100,5,-0.07103825136612019
2023-08-11,5790,5790,5790,5790,1,0.1352941176470588
2023-08-14,5100,5100,5100,5100,1,-0.11917098445595853
2023-08-16,5100,5600,5100,5600,39,0.0980392156862746
2023-08-17,5400,5590,5400,5590,21,-0.0017857142857142794
2023-08-18,6360,6370,4760,6340,453,0.13416815742397148
2023-08-21,5390,5390,5390,5390,1,-0.14984227129337535
2023-08-22,5000,5490,5000,5490,51,0.01855287569573294
2023-08-23,5100,5490,5100,5490,232,0.0
2023-08-24,5100,6100,4900,5500,312,0.0018214936247722413
2023-08-25,5400,5990,5000,5990,211,0.08909090909090911
2023-08-28,6860,6860,5100,5900,1563,-0.015025041736227096
2023-08-29,5020,5890,5020,5890,485,-0.0016949152542372614
2023-08-30,5040,5200,5010,5100,1045,-0.13412563667232602
2023-08-31,5850,5850,5000,5000,166,-0.019607843137254943
2023-09-01,5000,5000,5000,5000,251,0.0
2023-09-04,5000,5750,5000,5050,628,0.010000000000000009
2023-09-05,5000,5000,4800,5000,41,-0.00990099009900991
2023-09-06,5000,5000,5000,5000,94,0.0
2023-09-07,5000,5000,5000,5000,10,0.0
2023-09-08,5000,5000,5000,5000,222,0.0
2023-09-11,5050,5050,5000,5000,9,0.0
2023-09-12,5000,5000,5000,5000,40,0.0
2023-09-13,5000,5000,5000,5000,30,0.0
2023-09-14,5000,5000,5000,5000,1,0.0
2023-09-15,5740,5740,4990,4990,11,-0.0020000000000000018
2023-09-18,5000,5000,5000,5000,20,0.002004008016031955
2023-09-19,5000,5000,5000,5000,14,0.0
2023-09-20,5000,5000,5000,5000,0,0.0
2023-09-21,5000,5000,5000,5000,0,0.0
2023-09-22,5000,5000,5000,5000,0,0.0
2023-09-25,5000,5000,5000,5000,0,0.0
2023-09-26,5000,5000,5000,5000,0,0.0
2023-09-27,5000,5000,5000,5000,0,0.0
2023-10-04,5000,5000,5000,5000,2,0.0
2023-10-05,4850,5000,4850,5000,19228,0.0
2023-10-06,5000,5000,5000,5000,0,0.0
2023-10-10,5000,5000,5000,5000,0,0.0
2023-10-11,4995,4995,4995,4995,4140,-0.0010000000000000009
2023-10-12,4995,4995,4995,4995,0,0.0
2023-10-13,4995,4995,4995,4995,0,0.0
2023-10-16,4995,4995,4995,4995,1,0.0
2023-10-17,4995,4995,4250,4250,91,-0.14914914914914912
2023-10-18,4880,4885,4880,4885,55,0.14941176470588236
2023-10-19,4890,4890,4890,4890,20,0.0010235414534287557
2023-10-20,4890,5000,4890,5000,88,0.02249488752556239
2023-10-23,5000,5000,5000,5000,0,0.0
2023-10-24,4985,4985,4985,4985,0,-0.0030000000000000027
2023-10-25,4980,4980,4980,4980,0,-0.0010030090270812808
2023-10-26,4975,4975,4975,4975,0,-0.0010040160642570406
2023-10-27,4975,4975,4975,4975,0,0.0
2023-10-30,4975,4975,4975,4975,0,0.0
2023-10-31,4975,4975,4975,4975,10,0.0
2023-11-01,4970,4980,4970,4980,161,0.0010050251256281673
2023-11-02,4975,4975,4975,4975,5,-0.0010040160642570406
2023-11-03,4235,4975,4235,4975,2,0.0
2023-11-06,4950,4995,4950,4995,118,0.004020100502512669
2023-11-07,4995,4995,4995,4995,2,0.0
2023-11-08,4995,4995,4995,4995,408,0.0
2023-11-09,4995,4995,4990,4990,101,-0.0010010010010009784
2023-11-10,4990,4990,4990,4990,10001,0.0
2023-11-13,4990,4990,4990,4990,50,0.0
2023-11-14,4990,4990,4990,4990,0,0.0
2023-11-15,4990,4990,4990,4990,0,0.0
2023-11-16,5700,5700,5700,5700,1,0.14228456913827658
2023-11-17,4995,5100,4995,5000,160,-0.1228070175438597
2023-11-20,4990,4990,4990,4990,0,-0.0020000000000000018
2023-11-21,5000,5000,5000,5000,10021,0.002004008016031955
2023-11-22,5700,5750,4500,5000,678,0.0
2023-11-23,5000,5050,5000,5000,203,0.0
2023-11-24,5000,5000,5000,5000,100,0.0
2023-11-27,4900,4900,4900,4900,5,-0.020000000000000018
2023-11-28,4900,4985,4900,4985,176,0.0173469387755103
2023-11-29,4980,4980,4980,4980,0,-0.0010030090270812808
2023-11-30,4980,4980,4980,4980,50,0.0
2023-12-01,4945,4950,4945,4950,115,-0.0060240963855421326
2023-12-04,5690,5690,4980,4980,32,0.0060606060606061
2023-12-05,4975,4975,4975,4975,0,-0.0010040160642570406
2023-12-06,4975,4975,4975,4975,0,0.0
2023-12-07,4975,4975,4975,4975,0,0.0
2023-12-08,4900,5000,4900,5000,41,0.005025125628140614
2023-12-11,5000,5000,5000,5000,0,0.0
2023-12-12,5000,5000,5000,5000,0,0.0
2023-12-13,4990,4990,4990,4990,0,-0.0020000000000000018
2023-12-14,4990,4990,4990,4990,0,0.0
2023-12-15,4990,4990,4990,4990,0,0.0
2023-12-18,4990,4995,4990,4995,169,0.0010020040080160886
2023-12-19,4980,4980,4800,4800,151,-0.03903903903903905
2023-12-20,5490,5490,4700,4900,631,0.02083333333333326
2023-12-21,4700,4900,4700,4700,313,-0.04081632653061229
2023-12-22,4800,5390,4600,4600,1066,-0.021276595744680882
2023-12-26,4800,4800,4150,4650,75,0.010869565217391353
2023-12-27,4650,4650,4650,4650,0,0.0
2023-12-28,4505,5330,4505,5330,18,0.14623655913978495
2024-01-02,5000,5300,5000,5000,890,-0.06191369606003749
2024-01-03,4900,4900,4900,4900,0,-0.020000000000000018
2024-01-04,4750,4850,4750,4800,54,-0.020408163265306145
2024-01-05,5500,5500,4700,5000,103,0.04166666666666674
2024-01-08,4995,4995,4995,4995,1,-0.0010000000000000009
2024-01-09,5690,5690,5000,5000,51,0.0010010010010010895
2024-01-10,4900,4900,4900,4900,112,-0.020000000000000018
2024-01-11,5590,5600,4605,4850,58,-0.010204081632653073
2024-01-12,5560,5560,4130,4995,5,0.02989690721649474
2024-01-15,4510,4990,4510,4990,2,-0.0010010010010009784
2024-01-16,4615,4990,4615,4980,13,-0.002004008016032066
2024-01-17,4250,4975,4250,4975,2,-0.0010040160642570406
2024-01-18,4975,4975,4975,4975,0,0.0
2024-01-19,4600,4700,4600,4700,429,-0.055276381909547756
2024-01-22,4900,4900,4520,4700,63,0.0
2024-01-23,4700,4800,4620,4750,213,0.010638297872340496
2024-01-24,5390,5390,4600,4750,73,0.0
2024-01-25,4700,4800,4695,4800,3,0.010526315789473717
2024-01-26,4800,4900,4800,4900,61,0.02083333333333326
2024-01-29,4700,4900,4700,4900,273,0.0
2024-01-30,4655,4875,4655,4875,2,-0.005102040816326481
2024-01-31,4620,4950,4620,4950,33,0.01538461538461533
2024-02-01,4600,4900,4600,4900,101,-0.010101010101010055
2024-02-02,4725,4900,4725,4900,2,0.0
2024-02-05,4755,4900,4755,4900,6,0.0
2024-02-06,4700,4900,4700,4800,4,-0.020408163265306145
2024-02-07,4750,4900,4750,4900,9,0.02083333333333326
2024-02-08,4900,4900,4800,4900,23,0.0
2024-02-13,4510,4900,4510,4900,51,0.0
2024-02-14,4655,4900,4655,4900,2,0.0
2024-02-15,4755,4900,4755,4900,51,0.0
2024-02-16,4850,4850,4800,4800,10,-0.020408163265306145
2024-02-19,4800,4800,4800,4800,50,0.0
2024-02-20,5390,5390,4200,4900,54,0.02083333333333326
2024-02-21,4805,4900,4800,4900,21,0.0
2024-02-22,4800,4900,4800,4900,175,0.0
2024-02-23,4810,4900,4800,4900,73,0.0
2024-02-26,4800,4900,4800,4900,6,0.0
2024-02-27,4755,4810,4500,4500,501,-0.08163265306122447
2024-02-28,4895,4895,4895,4895,1,0.08777777777777773
2024-02-29,4500,4900,4500,4900,501,0.0010214504596526286
2024-03-04,4900,4900,4900,4900,0,0.0
2024-03-05,4900,4900,4900,4900,0,0.0
2024-03-06,4900,4900,4900,4900,10,0.0
2024-03-07,4500,4900,4500,4900,501,0.0
2024-03-08,4900,4900,4900,4900,0,0.0
2024-03-11,4900,4900,4900,4900,10,0.0
2024-03-12,4500,4850,4500,4850,32,-0.010204081632653073
2024-03-13,4850,4850,4850,4850,0,0.0
2024-03-14,4850,4850,4850,4850,0,0.0
2024-03-15,5000,5000,5000,5000,10,0.030927835051546282
2024-03-18,4900,4900,4700,4700,36,-0.06000000000000005
2024-03-19,4610,4875,4610,4875,2,0.037234042553191404
2024-03-20,4610,4900,4610,4900,12,0.00512820512820511
2024-03-21,4890,4900,4890,4900,30,0.0
2024-03-22,4895,4895,4895,4895,0,-0.0010204081632653184
2024-03-25,4850,4850,4850,4850,0,-0.009193054136874323
2024-03-26,4850,4850,4200,4800,782,-0.010309278350515427
2024-03-27,4400,4700,4400,4700,80,-0.02083333333333337
2024-03-28,4800,4850,4610,4850,80,0.03191489361702127
2024-03-29,4850,4850,4850,4850,0,0.0
2024-04-01,4620,4800,4620,4800,3,-0.010309278350515427
2024-04-02,4750,4750,4750,4750,0,-0.01041666666666663
2024-04-03,4780,4780,4780,4780,1,0.006315789473684275
2024-04-04,4780,4780,4780,4780,0,0.0
2024-04-05,4780,4780,4780,4780,0,0.0
2024-04-08,4780,4780,4780,4780,0,0.0
2024-04-09,4800,4800,4800,4800,1,0.004184100418409997
2024-04-11,4600,4700,4500,4700,30,-0.02083333333333337
2024-04-12,4700,4700,4700,4700,0,0.0
2024-04-15,4400,4700,4300,4700,21,0.0
2024-04-16,4450,4450,4450,4450,0,-0.05319148936170215
2024-04-17,4500,4500,3785,4450,262,0.0
2024-04-18,4450,4450,4450,4450,0,0.0
2024-04-19,4500,4500,4500,4500,1,0.011235955056179803
2024-04-22,4500,4500,4500,4500,0,0.0
2024-04-23,4410,4490,4410,4490,24,-0.0022222222222222365
2024-04-24,4410,4490,4410,4490,22,0.0
2024-04-25,4200,4200,4005,4100,36,-0.0868596881959911
2024-04-26,4300,4700,4300,4700,131,0.14634146341463405
2024-04-29,4500,4550,4500,4500,40,-0.04255319148936165
2024-04-30,4500,4500,4005,4400,367,-0.022222222222222254
2024-05-02,4400,4400,4400,4400,0,0.0
2024-05-03,4250,4400,4200,4400,112,0.0
2024-05-07,4400,4400,4200,4300,166,-0.022727272727272707
2024-05-08,4100,4250,4100,4250,230,-0.011627906976744207
2024-05-09,4100,4100,4100,4100,330,-0.03529411764705881
2024-05-10,4100,4150,4100,4100,300,0.0
2024-05-13,4300,4400,4100,4100,1584,0.0
2024-05-14,4200,4200,4100,4120,210,0.004878048780487809
2024-05-16,4150,4600,4130,4600,168,0.11650485436893199
2024-05-17,4400,4600,4300,4600,70,0.0
2024-05-20,4300,4400,4280,4280,90,-0.06956521739130439
2024-05-21,4350,4500,4300,4500,511,0.051401869158878455
2024-05-22,4300,4500,4300,4500,1563,0.0
2024-05-23,4500,4500,4500,4500,0,0.0
2024-05-24,4500,4500,4500,4500,0,0.0
2024-05-27,4500,4500,4500,4500,0,0.0
2024-05-28,3825,5100,3825,4690,7508,0.04222222222222216
2024-05-29,4690,4690,4430,4430,185,-0.05543710021321957
2024-05-30,4430,4500,4430,4500,20,0.015801354401805856
2024-05-31,4500,4500,4500,4500,0,0.0
2024-06-03,4500,4500,4500,4500,20,0.0
2024-06-04,4700,4700,4480,4480,61,-0.004444444444444473
2024-06-05,4495,4700,4485,4700,55,0.049107142857142794
2024-06-07,4600,4700,4500,4600,1102,-0.021276595744680882
2024-06-10,4600,5000,4600,5000,51,0.08695652173913038
2024-06-11,4700,4800,4400,4800,2587,-0.040000000000000036
2024-06-12,5520,5520,4300,5520,143,0.1499999999999999
2024-06-13,4800,4900,4700,4900,696,-0.1123188405797102
2024-06-14,4720,4720,4200,4300,2007,-0.12244897959183676
2024-06-17,4300,4400,4100,4400,818,0.023255813953488413
2024-06-18,4100,4400,4055,4100,8225,-0.06818181818181823
2024-06-19,4300,4300,4000,4150,292,0.012195121951219523
2024-06-20,4100,4700,4100,4700,1402,0.1325301204819278
2024-06-21,4800,5000,4310,4800,1391,0.02127659574468077
2024-06-24,4900,5000,4900,5000,180,0.04166666666666674
2024-06-25,5000,5100,4900,5100,443,0.020000000000000018
2024-06-26,5090,5100,5090,5100,525,0.0
2024-06-27,5100,5800,5100,5590,662,0.09607843137254912
2024-06-28,5400,5500,5400,5500,916,-0.01610017889087656
2024-07-01,5550,5550,5400,5550,380,0.009090909090909038
2024-07-02,5600,6380,4720,5600,477,0.009009009009008917
2024-07-03,5590,5590,5500,5500,2,-0.017857142857142905
2024-07-04,5400,5600,5400,5600,693,0.018181818181818077
2024-07-05,5590,5700,5590,5700,116,0.017857142857142794
2024-07-08,5500,5750,5500,5750,241,0.00877192982456143
2024-07-09,5800,5800,5600,5700,591,-0.008695652173912993
2024-07-10,5700,5800,5700,5800,597,0.01754385964912286
2024-07-11,5600,5900,5600,5800,511,0.0
2024-07-12,5700,5800,5600,5800,311,0.0
2024-07-15,5700,5800,5700,5800,40,0.0
2024-07-16,5700,5890,5500,5850,2743,0.008620689655172376
2024-07-17,5890,5980,5500,5980,441,0.022222222222222143
2024-07-18,5800,5980,5600,5980,113,0.0
2024-07-19,5970,5980,5970,5980,248,0.0
2024-07-22,5990,5990,5990,5990,136,0.0016722408026756952
2024-07-23,5990,6050,5990,6050,175,0.01001669449081799
2024-07-24,6040,6050,5800,5800,26,-0.04132231404958675
2024-07-25,5890,6000,5890,6000,370,0.034482758620689724
2024-07-26,6050,6050,5800,6000,276,0.0
2024-07-29,5600,6000,5400,5500,970,-0.08333333333333337
2024-07-30,5500,5990,5500,5990,1642,0.08909090909090911
2024-07-31,5990,6100,5990,6100,1475,0.01836393989983298
2024-08-01,6100,6140,6100,6140,881,0.006557377049180246
2024-08-02,6140,6290,6100,6200,2952,0.009771986970684043
2024-08-05,6240,6340,6000,6340,1898,0.022580645161290214
2024-08-06,6200,6800,6200,6800,38,0.0725552050473186
2024-08-07,6800,6990,6800,6980,2655,0.026470588235294024
2024-08-08,6980,6980,6980,6980,1906,0.0
2024-08-09,7000,7000,6980,6980,1289,0.0
2024-08-12,6980,6980,6600,6980,512,0.0
2024-08-13,6950,6950,6200,6940,2654,-0.005730659025787954
2024-08-14,6600,6900,6400,6900,75,-0.0057636887608069065
2024-08-16,6600,6980,6400,6940,1950,0.005797101449275255
2024-08-19,6940,6940,6600,6940,531,0.0
2024-08-20,6400,6950,6400,6940,1429,0.0
2024-08-21,6600,6910,6400,6890,1313,-0.007204610951008661
2024-08-22,6980,6980,6980,6980,1,0.013062409288824295
2024-08-23,6940,6950,6400,6950,1766,-0.004297994269340966
2024-08-26,6930,6950,6600,6850,541,-0.014388489208633115
2024-08-27,6400,6690,6400,6690,315,-0.023357664233576658
2024-08-28,6790,6790,6600,6700,301,0.001494768310911887
2024-08-29,6550,6700,6500,6500,190,-0.02985074626865669
2024-08-30,6790,6790,6790,6790,5,0.04461538461538472
2024-09-02,6780,6780,6400,6500,34,-0.04270986745213545
2024-09-03,6550,6550,6550,6550,1,0.007692307692307665
2024-09-04,6580,6580,6580,6580,11,0.004580152671755711
2024-09-05,6580,6600,6200,6600,42,0.003039513677811634
2024-09-06,6400,6500,6400,6500,219,-0.015151515151515138
2024-09-09,6570,6570,6570,6570,1,0.010769230769230864
2024-09-10,6570,6570,6570,6570,1,0.0
2024-09-11,6570,6570,6000,6490,503,-0.0121765601217656
2024-09-12,6200,6600,6200,6600,21,0.016949152542372836
2024-09-13,6600,6600,6600,6600,1,0.0
2024-09-19,6570,6570,6570,6570,1,-0.004545454545454519
2024-09-20,6530,6540,6500,6500,63,-0.010654490106544956
2024-09-23,6200,6500,6200,6500,50,0.0
2024-09-24,6500,6500,6400,6400,2,-0.01538461538461533
2024-09-25,6400,6600,6000,6400,1163,0.0
2024-09-26,6200,6400,6200,6400,32010,0.0
2024-09-27,6010,6400,5800,6400,1822,0.0
2024-09-30,6400,6400,6400,6400,0,0.0
2024-10-02,6030,6100,5800,6100,1990,-0.046875
2024-10-04,6380,6380,5820,6100,1793,0.0
2024-10-07,6190,6370,5910,6370,279,0.04426229508196711
2024-10-08,6010,6190,6000,6190,442,-0.028257456828885363
2024-10-10,6000,6150,5850,6090,814,-0.016155088852988664
2024-10-11,6190,6190,5800,6180,1533,0.014778325123152802
2024-10-14,6170,6170,6170,6170,10,-0.0016181229773463146
2024-10-15,5900,6150,5900,6150,701,-0.0032414910858995505
2024-10-16,5900,6100,5900,6100,486,-0.008130081300813052
2024-10-17,5900,6180,5810,6140,1530,0.006557377049180246
2024-10-18,5900,6190,5810,6190,2329,0.008143322475570036
2024-10-21,6180,6180,6180,6180,0,-0.001615508885298822
2024-10-22,5830,6140,5820,6140,705,-0.006472491909385147
2024-10-23,6000,6190,6000,6100,23,-0.006514657980456029
2024-10-24,5820,6200,5820,6200,98,0.016393442622950838
2024-10-25,6190,6400,6190,6400,25,0.032258064516129004
2024-10-28,6400,6400,6400,6400,70,0.0
2024-10-29,6500,6600,6400,6600,70,0.03125
2024-10-30,6400,6400,6200,6200,223,-0.06060606060606055
2024-10-31,6200,6300,6200,6300,80,0.016129032258064502
2024-11-01,6200,6200,6200,6200,0,-0.015873015873015928
2024-11-04,6200,6200,6200,6200,10,0.0
2024-11-05,6400,6400,6200,6200,40,0.0
2024-11-06,6000,6200,5820,6200,55,0.0
2024-11-07,6200,6200,6200,6200,0,0.0
2024-11-08,6200,6200,6000,6000,20,-0.032258064516129004
2024-11-11,6010,6010,6000,6000,1383,0.0
2024-11-12,6000,6300,5990,6000,5336,0.0
2024-11-13,6200,6200,6200,6200,10,0.03333333333333344
2024-11-14,6200,6400,6200,6400,110,0.032258064516129004
2024-11-15,6350,6350,6350,6350,60,-0.0078125
2024-11-18,6200,6400,5600,6350,83,0.0
2024-11-19,6200,6200,6200,6200,0,-0.023622047244094446
2024-11-20,6200,6200,6200,6200,10,0.0
2024-11-21,6200,6200,6200,6200,1000,0.0
2024-11-22,6000,6000,6000,6000,500,-0.032258064516129004
2024-11-25,6000,6000,5350,6000,1331,0.0
2024-11-26,6300,6300,6300,6300,1,0.050000000000000044
2024-11-27,6010,6010,6000,6000,200,-0.04761904761904767
2024-11-28,6000,6000,6000,6000,700,0.0
2024-11-29,6000,6000,6000,6000,200,0.0
2024-12-02,6000,6000,6000,6000,0,0.0
2024-12-03,6000,6000,6000,6000,0,0.0
2024-12-04,6000,6000,6000,6000,0,0.0
2024-12-05,5900,5900,5900,5900,0,-0.01666666666666672
2024-12-06,5900,5900,5900,5900,10,0.0
2024-12-09,5900,5900,5900,5900,0,0.0
2024-12-10,5050,5900,5050,5900,501,0.0
2024-12-11,5400,5900,5400,5900,504,0.0
2024-12-12,5900,5900,5900,5900,0,0.0
2024-12-13,5900,5900,5900,5900,10,0.0
2024-12-16,5650,5650,5650,5650,0,-0.0423728813559322
2024-12-17,6000,6000,6000,6000,1,0.06194690265486735
2024-12-18,5950,5950,5950,5950,0,-0.008333333333333304
2024-12-19,5600,5900,5600,5900,25,-0.008403361344537785
2024-12-20,5900,5900,5900,5900,0,0.0
2024-12-23,5900,5900,5900,5900,190,0.0
2024-12-24,5900,5900,5900,5900,0,0.0
2024-12-26,5900,5900,5900,5900,0,0.0
2024-12-27,5900,5900,5900,5900,0,0.0
2024-12-30,5900,5900,5900,5900,0,0.0
2025-01-02,5600,5900,5600,5900,23,0.0
2025-01-03,5600,5900,5400,5900,271,0.0
2025-01-06,5600,5890,5450,5890,1362,-0.0016949152542372614
2025-01-07,5600,5800,5450,5800,359,-0.015280135823429575
2025-01-08,5600,5600,5600,5600,0,-0.03448275862068961
2025-01-09,5590,5800,5590,5800,350,0.03571428571428581
2025-01-10,5600,5800,5590,5800,110,0.0
2025-01-13,5500,5800,5500,5800,140,0.0
2025-01-14,5600,5800,5600,5800,501,0.0
2025-01-15,5700,5700,5410,5700,960,-0.017241379310344862
2025-01-16,5420,5700,5400,5600,1142,-0.01754385964912286
2025-01-17,5600,5800,5600,5800,50,0.03571428571428581
2025-01-20,5790,5790,5790,5790,0,-0.0017241379310344307
2025-01-21,5790,5790,5790,5790,0,0.0
2025-01-22,5790,5800,5790,5800,40,0.0017271157167531026
2025-01-23,5800,5800,5800,5800,0,0.0
2025-01-24,5800,5800,5800,5800,0,0.0
2025-01-31,5790,5790,5790,5790,0,-0.0017241379310344307
2025-02-03,5790,6000,5790,6000,29,0.03626943005181338
2025-02-04,6000,6000,5600,5800,430,-0.033333333333333326
2025-02-05,5800,5800,5790,5800,53,0.0
2025-02-06,5790,5790,5790,5790,0,-0.0017241379310344307
2025-02-07,6000,6000,5600,5800,413,0.0017271157167531026
2025-02-10,5700,5700,5700,5700,0,-0.017241379310344862
2025-02-11,5500,6000,5500,5900,180,0.03508771929824572
2025-02-12,5600,5700,5600,5700,61,-0.03389830508474578
2025-02-13,5800,5800,5800,5800,1,0.01754385964912286
2025-02-14,5600,5700,5600,5700,40,-0.017241379310344862
2025-02-17,5410,5500,5410,5500,60,-0.03508771929824561
2025-02-18,5400,5800,5400,5800,134,0.05454545454545445
2025-02-19,5400,5800,5400,5800,183,0.0
2025-02-20,5750,5800,5750,5800,51,0.0
2025-02-21,5780,5800,5780,5800,31,0.0
2025-02-24,5780,5800,5780,5800,55,0.0
2025-02-25,5790,5840,5790,5840,45,0.006896551724137945
2025-02-26,5800,5800,5800,5800,0,-0.006849315068493178
2025-02-27,5780,5780,5780,5780,0,-0.0034482758620689724
2025-02-28,5600,5600,5600,5600,30,-0.03114186851211076
2025-03-04,5580,5580,5580,5580,0,-0.0035714285714285587
2025-03-05,5400,5730,5400,5730,1170,0.026881720430107503
2025-03-06,5700,5700,5700,5700,0,-0.005235602094240788
2025-03-07,5650,5650,5650,5650,3,-0.00877192982456143
2025-03-10,5640,5640,5640,5640,0,-0.001769911504424737
2025-03-11,5640,5640,5640,5640,0,0.0
2025-03-12,5630,5630,5630,5630,0,-0.0017730496453900457
2025-03-13,5600,5600,5600,5600,0,-0.005328596802841923
2025-03-14,5580,5600,5580,5600,201,0.0
2025-03-17,5580,5580,5580,5580,0,-0.0035714285714285587
2025-03-18,5570,5570,5570,5570,0,-0.0017921146953404632
2025-03-19,5560,5560,5560,5560,0,-0.0017953321364452268
2025-03-20,5530,5530,5530,5530,0,-0.0053956834532373765
2025-03-21,5510,5510,5510,5510,0,-0.003616636528028905
2025-03-24,5510,5510,5510,5510,0,0.0
2025-03-25,5500,5500,5500,5500,100,-0.001814882032667886
2025-03-26,5500,5500,5500,5500,0,0.0
2025-03-27,4800,5590,4800,5560,2924,0.01090909090909098
2025-03-28,5550,5670,5550,5660,3546,0.017985611510791477
2025-03-31,5600,5670,5600,5670,101,0.0017667844522968323
2025-04-01,5660,5660,5660,5660,0,-0.0017636684303351524
2025-04-02,5650,5660,5650,5660,51,0.0
2025-04-03,5650,5650,5650,5650,0,-0.0017667844522968323
2025-04-04,5650,5650,5600,5650,2502,0.0
2025-04-07,5400,5450,5050,5450,1061,-0.03539823008849563
2025-04-08,5350,5800,5350,5600,301,0.02752293577981657
2025-04-09,5400,5600,5400,5600,1120,0.0
2025-04-10,5570,5600,5570,5600,151,0.0
2025-04-11,5590,5590,5590,5590,0,-0.0017857142857142794
2025-04-14,5500,5500,5500,5500,0,-0.01610017889087656
2025-04-15,5500,5500,5500,5500,1,0.0
2025-04-16,5480,5480,5480,5480,0,-0.0036363636363636598
2025-04-17,5500,5500,5200,5480,4110,0.0
2025-04-18,5400,5500,5400,5400,21,-0.014598540145985384
2025-04-21,5380,5380,5380,5380,0,-0.0037037037037036535
2025-04-22,5380,5400,5380,5400,1146,0.0037174721189590088
2025-04-23,5390,5390,5210,5380,415,-0.0037037037037036535
2025-04-24,5380,5400,5200,5300,721,-0.014869888475836479
2025-04-25,5300,5300,5280,5300,1616,0.0
2025-04-28,5300,5300,5270,5300,1010,0.0
2025-04-29,5280,5300,5280,5290,866,-0.0018867924528301883
2025-04-30,5280,5280,5280,5280,0,-0.001890359168241984
2025-05-02,5270,5270,5270,5270,0,-0.0018939393939394478
2025-05-07,5260,5260,5260,5260,0,-0.00189753320683117
2025-05-08,5250,5310,5250,5310,4460,0.009505703422053147
2025-05-09,5290,5290,5290,5290,0,-0.0037664783427495685
2025-05-12,5270,5310,5000,5300,185,0.001890359168241984
2025-05-13,5200,5200,5200,5200,0,-0.018867924528301883
2025-05-14,5180,5180,5180,5180,0,-0.0038461538461538325
2025-05-15,5310,5310,5310,5310,1,0.025096525096525157
2025-05-16,5280,5280,5280,5280,0,-0.005649717514124242
2025-05-19,5260,5260,5260,5260,0,-0.0037878787878787845
2025-05-20,5240,5240,5240,5240,0,-0.0038022813688213253
2025-05-21,5230,5230,5230,5230,0,-0.001908396946564861
2025-05-22,5210,5210,5210,5210,0,-0.003824091778202643
2025-05-23,5200,5200,5200,5200,20,-0.0019193857965451588
2025-05-26,5180,5180,5180,5180,0,-0.0038461538461538325
2025-05-27,5150,5150,5130,5130,3,-0.009652509652509633
2025-05-28,5100,5230,5100,5230,145,0.01949317738791434
2025-05-29,5200,5230,5200,5230,100,0.0
2025-05-30,5030,5210,5000,5210,1463,-0.003824091778202643
2025-06-02,5180,5180,5180,5180,0,-0.0057581573896353655
2025-06-04,5150,5180,5150,5180,93,0.0
2025-06-05,5230,5230,5230,5230,121,0.009652509652509744
2025-06-09,5200,5200,5200,5200,0,-0.005736137667303964
2025-06-10,5230,5230,5230,5230,1,0.005769230769230749
2025-06-11,5180,5180,5180,5180,0,-0.009560229445506718
2025-06-12,5000,5220,5000,5220,732,0.007722007722007707
2025-06-13,5230,5230,5000,5230,922,0.0019157088122605526
2025-06-16,5200,5230,5200,5230,201,0.0
2025-06-17,5210,5230,5210,5230,110,0.0
2025-06-18,5190,5230,5190,5230,200,0.0
2025-06-19,5200,5200,5200,5200,0,-0.005736137667303964
2025-06-20,5230,5230,5010,5210,152,0.0019230769230769162
2025-06-23,5180,5190,5180,5190,300,-0.0038387715930902067
2025-06-24,5150,5190,5150,5190,153,0.0
2025-06-25,5160,5190,5160,5190,168,0.0
2025-06-26,5170,5230,5170,5230,70,0.007707129094412402
2025-06-27,5200,5200,5200,5200,0,-0.005736137667303964
2025-06-30,5170,5200,5170,5200,270,0.0
2025-07-01,5200,5200,5200,5200,10,0.0
2025-07-02,5200,5200,5200,5200,1,0.0
2025-07-03,5350,5350,5350,5350,10,0.028846153846153744
2025-07-04,5350,5350,5350,5350,35,0.0
2025-07-07,5250,5250,5250,5250,9,-0.01869158878504673
2025-07-08,5250,5250,5250,5250,0,0.0
2025-07-09,5000,5230,4900,5230,70,-0.003809523809523818
2025-07-10,5230,5230,5230,5230,0,0.0
2025-07-11,5230,5230,5230,5230,0,0.0
2025-07-14,5230,5230,5230,5230,200,0.0
2025-07-15,5230,5230,5230,5230,0,0.0
2025-07-16,5020,5230,5000,5230,950,0.0
2025-07-17,5290,5290,5290,5290,10,0.011472275334607929
2025-07-18,5000,5290,4500,5290,1430,0.0
2025-07-21,5240,5350,5240,5350,1917,0.011342155009451904
2025-07-22,5350,5350,5350,5350,0,0.0
2025-07-23,5340,5340,5340,5340,0,-0.0018691588785046953
2025-07-24,5150,5150,5150,5150,0,-0.035580524344569264
2025-07-25,5140,5150,5140,5150,60,0.0
2025-07-28,5350,5350,5350,5350,1,0.03883495145631066
2025-07-29,5350,5350,5350,5350,1,0.0
2025-07-30,5010,5350,4900,5350,1051,0.0
2025-07-31,5350,5350,5350,5350,0,0.0
2025-08-01,5350,5350,5350,5350,0,0.0
2025-08-04,5200,5200,5200,5200,0,-0.028037383177570097
2025-08-05,5100,5100,5100,5100,207,-0.019230769230769273
2025-08-06,5340,5340,5340,5340,1,0.04705882352941182
2025-08-07,5200,5200,5200,5200,0,-0.02621722846441943
2025-08-08,5340,5340,4990,5000,212,-0.038461538461538436
2025-08-11,5200,5200,5200,5200,1,0.040000000000000036
2025-08-12,5200,5400,5200,5400,11,0.03846153846153855
2025-08-13,5000,5000,4990,5000,211,-0.07407407407407407
2025-08-14,5000,5000,5000,5000,20,0.0
2025-08-18,5000,5200,5000,5200,24,0.040000000000000036
2025-08-19,5000,5260,5000,5010,96,-0.03653846153846152
2025-08-20,5140,5140,5000,5140,11,0.02594810379241519
2025-08-21,5100,5100,5100,5100,0,-0.0077821011673151474
2025-08-22,5000,5000,4900,4900,57,-0.039215686274509776
2025-08-25,5100,5200,5000,5200,225,0.061224489795918435
2025-08-26,5210,5210,5000,5000,62,-0.038461538461538436
2025-08-27,5200,5200,5200,5200,10,0.040000000000000036
2025-08-28,5210,5210,5210,5210,5,0.0019230769230769162
2025-08-29,5000,5000,5000,5000,111,-0.040307101727447225
2025-09-01,5200,5200,5000,5000,2,0.0
2025-09-02,5000,5000,5000,5000,1230,0.0
2025-09-03,5000,5200,4700,5000,143,0.0
2025-09-04,5000,5000,5000,5000,0,0.0
2025-09-05,5000,5000,5000,5000,1000,0.0
2025-09-08,5000,5000,5000,5000,0,0.0
2025-09-09,5000,5000,5000,5000,0,0.0
2025-09-10,5100,5100,5100,5100,1,0.020000000000000018
2025-09-11,5100,5100,5100,5100,0,0.0
2025-09-12,5100,5100,5100,5100,0,0.0
2025-09-15,5000,5000,5000,5000,10,-0.019607843137254943
2025-09-16,5000,5000,5000,5000,0,0.0
2025-09-17,5100,5100,5100,5100,10,0.020000000000000018
2025-09-18,5200,5260,5000,5200,185,0.019607843137254832
2025-09-19,5400,5400,5400,5400,10,0.03846153846153855
2025-09-22,5600,5600,5000,5100,642,-0.05555555555555558
2025-09-23,5100,5200,5100,5200,8,0.019607843137254832
2025-09-24,5200,5200,5200,5200,0,0.0
2025-09-25,5200,5400,5200,5400,30,0.03846153846153855
2025-09-26,5200,5200,5200,5200,10,-0.03703703703703709
2025-09-29,5100,5100,5100,5100,0,-0.019230769230769273
2025-09-30,5000,5200,5000,5200,8012,0.019607843137254832
2025-10-01,5000,5180,5000,5180,2001,-0.0038461538461538325
2025-10-02,4900,5170,4900,5170,5,-0.0019305019305019266
2025-10-10,4900,5000,4900,5000,151,-0.03288201160541582
2025-10-13,5100,5100,4900,4900,20,-0.020000000000000018
2025-10-14,5100,5100,5100,5100,1,0.04081632653061229
2025-10-15,4800,5070,4800,5070,430,-0.00588235294117645
2025-10-16,5000,5000,5000,5000,0,-0.013806706114398382
2025-10-17,4985,5000,4985,5000,31,0.0
2025-10-20,4800,5000,4700,5000,150,0.0
2025-10-21,4705,4750,4705,4750,110,-0.050000000000000044
2025-10-22,5000,5000,4700,4900,281,0.03157894736842115
2025-10-23,4900,4900,4900,4900,0,0.0
2025-10-24,4800,4800,4800,4800,11,-0.020408163265306145
2025-10-27,4900,4900,4700,4900,280,0.02083333333333326
2025-10-28,4705,4705,4700,4700,26,-0.04081632653061229
2025-10-29,4690,4900,4690,4900,27,0.042553191489361764
2025-10-30,4705,4995,4600,4995,1001,0.019387755102040716
2025-10-31,4600,5200,4600,5000,3342,0.0010010010010010895
2025-11-03,5000,5000,5000,5000,0,0.0
2025-11-04,4900,4900,4850,4850,190,-0.030000000000000027
2025-11-05,5200,5200,4900,4900,6,0.010309278350515427
2025-11-06,5000,5000,4600,4800,715,-0.020408163265306145
2025-11-07,4800,5000,4785,4900,42,0.02083333333333326
2025-11-10,4915,4950,4900,4950,302,0.010204081632652962
2025-11-11,4850,4900,4850,4850,151,-0.02020202020202022
2025-11-12,5000,5000,4800,4920,524,0.014432989690721598
2025-11-13,5000,5000,4700,4800,141,-0.024390243902439046
2025-11-14,4800,4900,4700,4850,491,0.01041666666666674
2025-11-17,4900,4900,4690,4750,41,-0.020618556701030966
2025-11-18,4600,4800,4600,4800,12,0.010526315789473717
2025-11-19,4700,4800,4650,4800,8001,0.0
2025-11-20,4900,4900,4800,4800,34,0.0
2025-11-21,4600,4700,4600,4700,11,-0.02083333333333337
2025-11-24,4650,4700,4650,4700,39567,0.0
2025-11-25,4900,4900,4900,4900,11,0.042553191489361764
2025-11-26,4850,4850,4850,4850,200,-0.010204081632653073
2025-11-27,4850,4850,4850,4850,0,0.0
2025-11-28,4900,4900,4900,4900,10,0.010309278350515427
2025-12-01,4890,4890,4890,4890,0,-0.0020408163265306367
2025-12-02,4800,4800,4800,4800,200,-0.018404907975460127
2025-12-03,4800,4800,4800,4800,200,0.0
2025-12-04,4800,4800,4800,4800,200,0.0
2025-12-05,4800,4800,4800,4800,60,0.0
2025-12-08,4900,4900,4700,4900,82,0.02083333333333326
2025-12-09,4900,4900,4900,4900,612,0.0
2025-12-10,4900,4900,4900,4900,0,0.0
2025-12-11,4900,4900,4900,4900,40,0.0
2025-12-12,4800,4800,4800,4800,0,-0.020408163265306145
2025-12-15,4800,4800,4800,4800,0,0.0
2025-12-16,4700,4700,4140,4300,361,-0.10416666666666663
2025-12-17,4500,4900,4500,4900,71,0.13953488372093026
2025-12-18,4800,4800,4800,4800,0,-0.020408163265306145
2025-12-19,4900,4900,4900,4900,10,0.02083333333333326
2025-12-22,5000,5000,5000,5000,1,0.020408163265306145
2025-12-23,4700,4800,4650,4650,287,-0.06999999999999995
2025-12-24,4900,4900,4900,4900,1,0.053763440860215006
2025-12-26,4900,4900,4900,4900,10,0.0
2025-12-29,4700,4800,4700,4800,210,-0.020408163265306145
2025-12-30,4800,4800,4800,4800,10,0.0
2026-01-02,4600,4800,4600,4800,22,0.0
2026-01-05,4700,4700,4700,4700,1,-0.02083333333333337
2026-01-06,4505,4600,4505,4600,102,-0.021276595744680882
2026-01-07,4505,4700,4500,4700,172,0.021739130434782705
2026-01-08,4500,4800,4000,4800,28996,0.02127659574468077
2026-01-09,4900,5000,4700,4750,2901,-0.01041666666666663
2026-01-12,4600,4600,4500,4600,431,-0.03157894736842104
2026-01-13,4700,4700,4700,4700,420,0.021739130434782705
2026-01-14,4800,4800,4000,4120,438,-0.12340425531914889
2026-01-15,4395,4700,4395,4700,96,0.14077669902912615
2026-01-16,4700,4700,4700,4700,10,0.0
2026-01-19,4500,4500,4500,4500,11,-0.04255319148936165
2026-01-20,4405,4700,4405,4595,64,0.02111111111111108
2026-01-21,4415,4700,4415,4700,2,0.02285092491838947
2026-01-22,4700,4800,4400,4700,82,0.0
2026-01-23,4400,5000,4400,5000,91,0.06382978723404253
2026-01-26,4500,4800,4500,4600,11,-0.07999999999999996
2026-01-27,4405,4800,4400,4800,184,0.04347826086956519
2026-01-28,4700,4700,4080,4685,10424,-0.023958333333333304
2026-01-29,4400,4690,3985,4290,61022,-0.0843116328708644
2026-01-30,4285,4600,3700,3995,32270,-0.06876456876456871
2026-02-02,4180,4200,4045,4200,157,0.051314142678347885
2026-02-03,4200,4200,4000,4195,11689,-0.0011904761904761862
2026-02-04,4200,4200,4000,4195,202,0.0
2026-02-05,4190,4190,4090,4090,11,-0.02502979737783073
2026-02-06,4180,4180,3905,4170,63187,0.019559902200489088
2026-02-09,4190,4190,4155,4155,13,-0.003597122302158251
2026-02-10,4185,4185,4185,4185,1,0.0072202166064982976
